{"cameraMode":{"drawMode":0,"name":"Shaded","section":"Shading Mode"},"sceneLighting":false,"audioPlay":false,"sceneViewState":{"m_AlwaysRefresh":false,"showFog":false,"showSkybox":false,"showFlares":false,"showImageEffects":false,"showParticleSystems":false,"showVisualEffectGraphs":true,"m_FxEnabled":true},"in2DMode":false,"pivot":{"x":0.21265482902526856,"y":0.6744102835655212,"z":0.016165614128112794},"rotation":{"x":0.014954057522118092,"y":0.9801509976387024,"z":-0.18019071221351624,"w":0.08134343475103378},"size":1.1176259517669678,"orthographic":false}