{"cameraMode":{"drawMode":0,"name":"Shaded","section":"Shading Mode"},"sceneLighting":false,"audioPlay":false,"sceneViewState":{"m_AlwaysRefresh":true,"showFog":true,"showSkybox":true,"showFlares":true,"showImageEffects":false,"showParticleSystems":true,"showVisualEffectGraphs":true,"m_FxEnabled":true},"in2DMode":false,"pivot":{"x":-0.22586596012115479,"y":0.7253023982048035,"z":-8.194847106933594},"rotation":{"x":0.01750478893518448,"y":-0.9782590866088867,"z":0.09272170811891556,"w":0.18468420207500459},"size":3.2108328342437746,"orthographic":false}