{"cameraMode":{"drawMode":0,"name":"Shaded","section":"Shading Mode"},"sceneLighting":false,"audioPlay":false,"sceneViewState":{"m_AlwaysRefresh":true,"showFog":true,"showSkybox":true,"showFlares":true,"showImageEffects":false,"showParticleSystems":true,"showVisualEffectGraphs":true,"m_FxEnabled":true},"in2DMode":false,"pivot":{"x":3.0429153442382814,"y":1.5709490776062012,"z":-6.440535545349121},"rotation":{"x":0.07622914016246796,"y":-0.07143271714448929,"z":0.0054752943105995659,"w":0.9945134520530701},"size":6.817627429962158,"orthographic":false}