{"cameraMode":{"drawMode":0,"name":"Shaded","section":"Shading Mode"},"sceneLighting":true,"audioPlay":false,"sceneViewState":{"m_AlwaysRefresh":true,"showFog":true,"showSkybox":true,"showFlares":true,"showImageEffects":false,"showParticleSystems":true,"showVisualEffectGraphs":true,"m_FxEnabled":true},"in2DMode":false,"pivot":{"x":1.0551027059555054,"y":2.1044726371765138,"z":2.18062686920166},"rotation":{"x":0.008344396948814392,"y":0.9457563757896423,"z":-0.32394587993621828,"w":0.024427933618426324},"size":4.717626094818115,"orthographic":false}